GENE_SYMBOL,GSM2445676,GSM2445677,GSM2445678,GSM2445679,GSM2445680
A2M,11.90462025,13.03005843,8.19349052,13.75895316,11.55859526
ABCB1,5.361138753,7.315528665,6.386135598,8.754496268,4.907830705
ABL1,9.696425231,10.21109872,8.556060599,10.12787113,9.721355395
ADA,8.048616165,8.873711835,8.244116593,7.406140048,6.978220033
ADORA2A,5.394305617,6.364438266,7.77845302,6.03488424,6.351437357
AICDA,4.104799,3.836059293,6.556060599,4.318677206,3.848937016
AIRE,3.742228921,4.527936998,6.708063692,4.833250379,4.585902611
AKT3,10.76934505,10.01060092,7.473598439,9.927064053,10.39711673
ALCAM,11.68558098,10.1440482,8.029991787,9.341045019,9.002066775
AMBP,3.742228921,3.942974497,6.845567216,3.970753903,6.351437357
ANP32B,11.72114363,10.92678246,10.39736285,10.86115638,10.83667474
ANXA1,14.22078188,14.42073276,17.53492992,16.92501632,12.16672646
APOE,11.76538921,10.5182436,6.556060599,10.86667338,12.5363127
APP,12.9501148,13.9189248,11.08657532,13.10518022,12.67760244
ARG1,4.635313717,5.042510171,6.845567216,4.759249798,3.263974516
ARG2,6.504729607,7.157987388,8.556060599,8.292681998,5.656291938
ATF1,9.206337026,9.225731995,8.430529717,8.86446911,8.807006336
ATF2,10.9454021,9.701673613,8.515418614,9.630263357,9.46854566
ATG10,7.124698557,7.829106533,7.708063692,7.544745286,6.393257533
ATG12,6.519836499,6.836059293,6.971098098,6.465518595,6.372498972
ATG16L1,8.430729025,8.883812425,8.386135598,8.763987717,8.507148499
ATG5,9.650835989,9.536499012,9.595588963,9.427201663,9.526069361
ATG7,8.567869196,8.856718764,9.430529717,9.482865838,9.149670889
ATM,5.519836499,5.345072941,5.971098098,5.41821288,5.071329438
AXL,9.363234171,10.23890738,8.556060599,9.918590048,10.6149137
BATF,5.426727095,6.968509589,8.244116593,6.465518595,6.433899517
BAX,10.20166054,10.11575915,9.925294409,10.02504988,10.5319316
BCL10,10.19579353,9.966926819,11.9710981,10.85005867,9.882360018
BCL2,7.946101254,7.923522135,7.909697554,9.328305907,8.018862018
BCL2L1,10.58771897,10.81861416,11.34613753,10.59480161,11.4389002
BCL6,10.8941515,10.17864686,10.68991635,10.00317538,9.507148499
BID,5.865611336,6.45754767,5.971098098,5.465518595,4.964414234
BIRC5,9.412632265,9.144048197,9.363415521,7.344212298,8.988488369
BLK,3.104799,5.180013695,7.473598439,6.442059622,3.433899517
BLNK,6.182801512,7.325444134,8.877988694,8.050481095,7.170865111
BMI1,9.210998404,9.146846831,10.08657532,10.0524189,9.346123557
BST1,8.000963189,8.185468125,8.244116593,7.995138061,8.651991801
BST2,8.079532241,10.22837672,10.96356443,8.488602208,11.60215377
BTK,6.084621118,6.836059293,6.971098098,7.155178474,6.964414234
BTLA,4.889070309,6.066356913,7.386135598,6.533690097,5.351437357
C1QA,9.619622619,10.3547881,7.971098098,9.114948629,10.47220887
C1QB,11.10040914,11.87582196,10.53588272,10.85339695,11.95178758
C1QBP,11.08271489,11.37879356,11.01549222,11.18904193,10.39325753
C1R,11.81522281,13.5614911,12.01184444,12.9913551,14.0325724
C1S,10.94959193,12.60627845,10.34033191,12.15337398,13.02946782
C2,8.635313717,8.797397673,8.19349052,8.331501247,10.51308797
C3,8.726036887,11.30679637,7.293026193,12.77077133,11.10553886
C3AR1,8.36532655,8.354788096,8.19349052,8.735323958,9.354086935
C4B,7.642233131,10.1936113,6.845567216,11.57066675,8.886026335
C4BPA,3.256802093,4.720582076,5.708063692,3.833250379,5.351437357
C5,6.676340985,6.135619575,7.19349052,6.72077565,9.871304829
C6,4.578730188,5.089815886,6.971098098,7.868874289,4.787536472
C7,6.662794453,8.066356913,6.386135598,12.035864,4.964414234
C8A,3.519836499,3.595051194,6.845567216,3.970753903,3.848937016
C8B,4.635313717,5.042510171,6.845567216,4.903639707,4.263974516
C8G,5.889070309,5.042510171,7.473598439,5.598785125,6.241254439
C9,4.635313717,4.720582076,6.708063692,4.903639707,5.351437357
CAMP,5.02233684,5.45754767,6.845567216,6.292681998,5.585902611
CARD11,9.61611241,7.475469578,8.244116593,7.886361716,7.929310433
CARD9,6.064157016,5.750329419,7.386135598,6.183747626,6.330063706
CASP1,8.215644769,8.880453413,9.909697554,8.609354367,8.981650939
CASP10,5.02233684,4.527936998,6.386135598,4.318677206,5.170865111
CASP3,8.652550422,9.060432079,8.812400352,8.533690097,8.005441502
CASP8,9.957241812,9.629475025,9.535882717,9.479989077,9.182837753
CCL1,3.104799,4.45754767,7.086575316,4.511322284,4.263974516
CCL11,5.792854994,8.042510171,6.971098098,4.903639707,5.818563367
CCL13,8.215644769,8.33529192,7.086575316,6.640605301,9.300148128
CCL14,6.30991343,8.996706481,8.877988694,10.2255678,6.87868436
CCL15,3.519836499,4.042510171,7.708063692,3.970753903,9.436402024
CCL16,3.742228921,4.223082417,6.19349052,4.318677206,4.170865111
CCL17,5.064157016,6.135619575,7.556060599,5.598785125,3.723406134
CCL18,10.08080614,11.7862226,7.473598439,8.465518595,8.723406134
CCL19,7.662794453,10.15937393,7.473598439,11.07069937,7.340790113
CCL2,9.862651961,10.90958294,8.743687602,12.16012923,12.98550098
CCL20,6.716233712,9.684441484,10.07263612,8.073564708,11.43952407
CCL21,5.635313717,7.856718764,6.845567216,9.235836137,5.433899517
CCL22,5.689761501,6.643414215,8.1410231,5.555716404,4.170865111
CCL23,3.635313717,5.383547089,4.971098098,5.970753903,4.723406134
CCL24,4.519836499,1.720582076,3.386135598,3.833250379,2.848937016
CCL25,3.519836499,3.45754767,6.971098098,4.970753903,4.433899517
CCL26,8.099780925,5.135619575,6.556060599,4.681247286,6.62152652
CCL27,3.841764594,3.45754767,5.708063692,4.096284785,4.848937016
CCL28,3.256802093,6.836059293,5.708063692,9.945950512,4.170865111
CCL3,7.614354098,7.33529192,9.575960156,8.890700651,10.38550803
CCL4,7.689761501,7.897170808,10.53588272,10.02109729,10.27380313
CCL5,7.144327364,8.60729479,9.316872935,8.895026577,12.12273262
CCL7,3.841764594,5.089815886,7.086575316,4.211762002,9.480720374
CCL8,6.377817494,5.627472672,7.293026193,7.305738151,11.7493007
CCND3,9.344264935,8.720582076,9.029991787,8.528130572,8.077755707
CCR1,6.957241812,7.421021794,9.386135598,7.344212298,8.719301736
CCR2,5.519836499,6.720582076,7.293026193,6.318677206,6.09686453
CCR3,3.841764594,4.779475765,7.77845302,5.155178474,4.071329438
CCR4,4.889070309,6.180013695,6.845567216,5.640605301,5.511902029
CCR5,5.689761501,6.439400323,7.473598439,6.511322284,7.351437357
CCR6,4.889070309,6.421021794,7.909697554,6.886361716,5.071329438
CCR7,4.519836499,5.49317158,5.386135598,6.488602208,3.433899517
CCR9,2.256802093,3.720582076,6.19349052,4.211762002,4.433899517
CCRL2,6.220276217,6.849865093,8.515418614,7.111235126,6.803133327
CD14,9.894875931,10.77496028,10.37482028,10.29595713,10.21234175
CD160,3.742228921,3.595051194,5.708063692,4.681247286,3.585902611
CD163,10.33147878,11.50576205,7.909697554,9.666140393,10.46119121
CD164,11.14188832,11.57752628,10.26877865,11.30655025,11.63575116
CD180,6.426727095,7.054482813,5.386135598,7.393965334,4.907830705
CD19,5.220276217,5.99360057,7.386135598,8.197822811,5.818563367
CD1A,4.979268118,6.49317158,7.473598439,6.239242739,4.071329438
CD1B,3.519836499,4.305544577,4.971098098,4.211762002,2.585902611
CD1C,5.256802093,5.627472672,7.19349052,7.305738151,3.848937016
CD1D,4.742228921,5.86354003,5.971098098,6.369303279,4.351437357
CD1E,3.394305617,4.659181531,7.086575316,5.598785125,3.585902611
CD2,4.934873999,6.264902592,7.556060599,6.465518595,6.473427881
CD200,7.628360956,8.254560648,7.473598439,8.381687004,7.871304829
CD207,5.144327364,6.305544577,7.086575316,6.740140975,4.964414234
CD209,7.344264935,8.196315507,6.845567216,6.577411475,7.69023927
CD22,5.426727095,6.325444134,6.971098098,8.183747626,4.433899517
CD24,10.93416939,12.12288359,15.5560606,13.68265548,13.04492431
CD244,4.256802093,5.595051194,7.293026193,4.833250379,5.351437357
CD247,5.689761501,6.930035442,7.086575316,6.759249798,6.567755264
CD27,6.104799,7.815099675,7.19349052,7.962533396,6.09686453
CD274,6.104799,5.808044917,8.430529717,6.065911136,7.900599136
CD276,11.60994892,11.70737222,9.575960156,10.15517847,11.26608629
CD28,5.979268118,6.364438266,7.19349052,6.640605301,4.170865111
CD33,5.256802093,6.066356913,7.19349052,6.003175381,6.045334229
CD34,6.635313717,7.402406116,7.386135598,8.140678904,5.755827612
CD36,9.112293537,10.56188433,7.77845302,9.447960223,7.146617565
CD37,5.361138753,5.86354003,6.556060599,5.868874289,5.393257533
CD38,7.940498548,7.066356913,6.556060599,7.318677206,7.558595265
CD3D,5.792854994,7.659181531,8.877988694,7.197822811,7.46364686
CD3E,5.549583843,7.042510171,8.19349052,7.111235126,6.530761056
CD3EAP,8.538500344,8.185468125,8.595588963,7.318677206,7.723406134
CD3G,4.635313717,5.659181531,7.845567216,6.096284785,5.755827612
CD4,9.01702304,9.479915483,8.473598439,9.187279317,9.252659202
CD40,8.549583843,9.107163129,9.167495311,8.768710127,10.590404
CD40LG,4.256802093,5.264902592,8.515418614,6.126032128,5.62152652
CD44,13.47112121,13.52901003,13.48153262,12.63963889,12.34612356
CD46,12.68809075,12.39976892,12.51541861,12.57100473,12.63819894
CD47,10.63184152,12.86884679,12.43598415,11.62049999,13.18451347
CD48,6.361138753,7.089815886,8.634063111,7.701146843,7.929310433
CD5,5.426727095,7.180013695,8.595588963,7.45383679,6.071329438
CD53,9.756647981,10.38710199,11.12084522,10.40614005,10.74476472
CD55,6.755052961,6.066356913,7.086575316,6.598785125,6.723406134
CD58,9.753456176,9.578563071,10.11405605,9.916463747,9.67124228
CD59,12.24860735,13.21510436,13.36341552,13.37395964,12.42699516
CD6,4.689761501,6.201708766,7.909697554,6.292681998,6.351437357
CD63,12.09411465,12.83345593,11.22533939,12.94151345,13.44341714
CD68,9.567869196,10.20439785,10.57596016,9.433163221,10.57912408
CD7,4.841764594,6.595051194,8.940724449,6.266209786,5.170865111
CD70,5.02233684,5.45754767,6.19349052,4.903639707,4.848937016
CD74,13.16789443,13.59300045,14.55918806,13.62490168,14.00449316
CD79A,6.635313717,8.907109045,9.244116593,10.17131818,6.393257533
CD79B,5.635313717,6.942974497,8.340331908,8.650873637,6.045334229
CD80,6.934873999,7.042510171,7.086575316,6.577411475,8.507148499
CD81,12.97430716,13.54408201,11.89788825,13.95750096,13.59166749
CD83,8.868564654,8.907109045,8.940724449,9.943864185,9.540098921
CD84,8.442668639,8.73924592,7.473598439,8.604079425,9.418792625
CD86,7.318578291,7.674778386,7.77845302,7.279506609,8.335436878
CD8A,5.144327364,6.201708766,7.556060599,7.140678904,6.848937016
CD8B,5.256802093,5.808044917,7.556060599,6.292681998,7.787536472
CD9,14.56001204,13.21976359,13.17240523,13.5509268,13.62070157
CD96,6.676340985,7.254560648,8.671537816,7.895026577,7.473427881
CD99,12.41035413,12.71044959,10.90183544,12.44353704,12.65977639
CDH1,12.31235569,12.18206152,13.16256863,12.22899871,12.2807828
CDH5,7.78036405,8.686366361,7.708063692,9.140678904,6.706918011
CDK1,8.943302621,8.877086562,9.19349052,7.41821288,9.749803824
CDKN1A,10.17327874,10.68154934,13.26265254,11.59613067,9.364636855
CEACAM1,4.841764594,7.018262625,12.30797653,9.228998707,7.194711853
CEACAM6,9.508521186,10.1649068,13.32277354,11.36072739,9.656291938
CEACAM8,3.519836499,4.45754767,7.556060599,3.970753903,4.351437357
CEBPB,11.34214176,12.56868334,12.36627518,12.46951247,12.51663995
CFB,7.173278738,10.48102482,11.19991679,11.15698072,11.59433123
CFD,7.742228921,8.839523149,6.708063692,9.968703163,7.372498972
CFI,8.377817494,9.048508912,7.971098098,10.27785119,7.818563367
CFP,3.841764594,5.86354003,7.086575316,4.833250379,5.071329438
CHIT1,7.78662304,5.527936998,7.708063692,6.096284785,5.964414234
CHUK,9.006336361,9.466536453,9.268778647,9.519750906,9.367262324
CKLF,9.840261004,10.12288359,9.473598439,9.442059622,10.05350816
CLEC4A,7.011689596,7.916979289,9.219025612,7.749727024,8.497594192
CLEC4C,4.689761501,5.042510171,6.845567216,5.41821288,4.907830705
CLEC5A,7.549583843,8.095621507,7.19349052,6.640605301,10.57799122
CLEC6A,3.635313717,4.135619575,7.971098098,3.833250379,6.893331136
CLEC7A,7.917867573,7.936519475,8.1410231,7.588137881,8.779674354
CLU,4.578730188,4.836059293,6.386135598,6.555716404,4.351437357
CMA1,4.934873999,6.383547089,6.386135598,6.833250379,4.071329438
CMKLR1,8.011689596,8.416390345,8.1410231,8.225567802,9.103178304
COL3A1,15.9125564,17.09937364,9.7259856,13.51606944,16.2574879
COLEC12,7.481768458,8.249361741,5.708063692,8.72077565,8.025525748
CR1,8.158875673,9.251963537,9.086575316,8.598785125,6.567755264
CR2,4.182801512,5.659181531,7.556060599,6.759249798,4.907830705
CREB1,10.56240788,9.868634897,9.77845302,9.888532815,9.628109171
CREB5,9.551422842,8.99360057,8.940724449,8.735323958,7.576857471
CREBBP,6.084621118,5.968509589,7.634063111,6.369303279,6.194711853
CRP,3.519836499,4.45754767,6.386135598,3.511322284,3.964414234
CSF1,7.669583619,7.99980572,8.340331908,8.676229211,9.887856006
CSF1R,6.767764013,7.305544577,7.971098098,7.197822811,6.585902611
CSF2,3.841764594,5.383547089,5.386135598,4.318677206,3.848937016
CSF2RB,8.438699737,9.846426009,13.41127516,9.737734477,10.36463685
CSF3,3.635313717,5.042510171,6.386135598,4.833250379,3.848937016
CSF3R,7.238654747,9.397714421,11.29302619,9.228998707,7.206489021
CT45A1,12.34691451,4.659181531,6.845567216,4.318677206,11.62372408
CTAG1B,4.519836499,4.45754767,7.909697554,5.318677206,5.723406134
CTAGE1,3.256802093,3.942974497,7.086575316,3.096284785,3.848937016
CTCFL,0.934873999,3.720582076,6.971098098,3.096284785,3.585902611
CTLA4,7.064157016,8.280277818,8.1410231,7.239242739,7.2297588
CTSG,5.716233712,7.800955492,7.086575316,7.833250379,5.018862018
CTSH,10.30665064,10.74202479,9.167495311,9.976888689,11.14890816
CTSL,10.07186511,10.52040333,10.31687294,9.572018216,12.01760913
CTSS,10.69143032,11.06487798,11.55104252,11.40614005,12.54561482
CTSW,4.519836499,5.305544577,7.086575316,6.155178474,6.286342329
CX3CL1,9.732535524,8.731809331,9.473598439,11.20393779,11.3507742
CX3CR1,5.144327364,5.942974497,7.386135598,7.970753903,5.351437357
CXCL1,6.48946285,10.01673354,13.25957971,10.9829975,9.280782803
CXCL10,6.361138753,7.066356913,9.925294409,5.796724503,13.23300122
CXCL11,4.458435955,6.112899499,9.430529717,6.065911136,12.46241956
CXCL12,10.31641695,9.549247504,6.19349052,12.7017643,9.585902611
CXCL13,6.742228921,7.968509589,7.293026193,9.574717366,10.07935781
CXCL14,13.20048905,14.02531365,11.36912917,12.37898713,11.81664361
CXCL16,9.706363468,9.86354003,10.15431992,9.710994629,9.9328595
CXCL2,8.41060743,9.497563349,10.20631456,11.64189285,9.696516416
CXCL3,6.792854994,7.987368617,9.556060599,9.830994405,9.860164272
CXCL5,5.361138753,6.9038039,7.708063692,6.92071322,8.677602445
CXCL6,4.578730188,8.670894952,11.31687294,7.701146843,7.071329438
CXCL9,7.292426003,8.320494918,11.73043151,7.978927834,14.26379839
CXCR1,4.792854994,7.018262625,10.34033191,6.318677206,4.787536472
CXCR2,4.742228921,8.566072127,11.62930958,8.430185521,3.723406134
CXCR3,4.979268118,5.779475765,6.556060599,6.065911136,5.99189497
CXCR4,11.09285245,11.16697617,9.652922138,12.0835488,10.67654436
CXCR5,4.104799,4.527936998,6.19349052,5.796724503,3.433899517
CXCR6,5.02233684,6.779475765,8.244116593,6.488602208,6.372498972
CYBB,9.263548926,9.262324048,9.000845442,9.356812335,10.6248216
CYFIP2,6.946101254,7.659181531,8.473598439,8.400065533,7.362006599
CYLD,9.74865519,10.27900279,10.18055146,10.2030658,9.745773947
DDX43,4.394305617,5.223082417,6.845567216,6.619846741,7.109464567
DDX58,7.99556993,10.02740328,8.708063692,7.778108825,10.2526592
DEFB1,5.104799,4.720582076,8.430529717,7.211762002,5.121955511
DMBT1,4.394305617,12.46092503,8.1410231,14.25552544,10.09686453
DOCK9,9.726036887,10.58786082,11.23788464,10.44943161,9.351437357
DPP4,7.344264935,7.779475765,8.029991787,6.598785125,7.585902611
DUSP4,6.889070309,7.849865093,7.086575316,9.574717366,6.673365452
DUSP6,10.12346284,10.25196354,9.614954288,11.09346427,9.194711853
EBI3,3.742228921,3.942974497,4.386135598,4.598785125,4.723406134
ECSIT,8.923558685,8.655255828,8.743687602,8.400065533,7.594891394
EGR1,10.73739036,8.949400767,10.1410231,11.41520413,7.681827031
EGR2,8.795960905,7.018262625,8.244116593,9.485736874,8.362006599
ELANE,3.394305617,4.659181531,7.708063692,3.970753903,4.585902611
ELK1,7.78036405,7.603225125,4.971098098,7.140678904,6.936399858
ENG,9.686418058,10.35962125,6.386135598,10.36150912,9.558595265
ENTPD1,8.032906082,8.825617547,7.971098098,8.903639707,7.146617565
EOMES,4.104799,4.836059293,6.386135598,4.970753903,4.656291938
EP300,10.59129886,10.43482759,10.08657532,10.47132422,10.73970795
EPCAM,11.68306685,8.135619575,7.909697554,9.550241274,11.16408658
ETS1,9.706363468,11.67186679,8.971098098,10.83099441,10.74980382
EWSR1,10.93557827,11.09126948,10.46295119,11.01713384,11.05757782
F12,7.41060743,6.244144032,8.293026193,6.903639707,5.549376734
F13A1,11.31099939,11.97600413,7.386135598,11.18463136,8.018862018
F2RL1,9.15646112,9.711158822,8.909697554,7.681247286,5.87868436
FADD,7.265790877,8.217768617,8.244116593,6.488602208,8.393257533
FAS,5.607299341,6.402406116,7.19349052,6.511322284,6.99189497
FCER1A,5.957241812,7.201708766,8.029991787,8.715893428,4.170865111
FCER1G,10.17447253,10.68251404,10.4195586,9.688741822,11.46241956
FCER2,4.327191421,4.383547089,7.556060599,7.126032128,4.433899517
FCGR1A,5.02233684,5.042510171,6.19349052,5.833250379,6.351437357
FCGR2A,11.08398599,11.8347582,12.40572633,10.84111862,11.98122252
FCGR2B,7.984722548,8.49317158,9.029991787,8.640605301,10.99189497
FCGR3A,10.34426493,10.30804708,10.90969755,8.582784647,11.80022173
FEZ1,8.817517048,10.44850253,7.77845302,8.500006971,7.443883606
FLT3,4.578730188,5.264902592,6.386135598,5.369303279,4.907830705
FLT3LG,6.923558685,7.793831058,7.473598439,7.511322284,7.99189497
FN1,14.941726,15.01730713,7.19349052,11.92283327,15.2480814
FOS,13.72001991,11.74341222,11.23162565,14.03108138,8.62152652
FOXJ1,5.767764013,6.705475184,9.845567216,7.003175381,8.874999313
FOXP3,6.064157016,7.354788096,7.845567216,5.640605301,5.62152652
FPR2,5.361138753,8.540761038,10.73486375,7.56660472,6.308368635
FUT5,6.182801512,6.402406116,7.77845302,6.815103032,6.194711853
FUT7,4.458435955,5.305544577,7.909697554,5.03488424,5.787536472
FYN,9.01702304,9.870329196,8.086575316,9.617230793,9.048609361
GAGE1,4.934873999,4.595051194,6.386135598,5.096284785,5.018862018
GATA3,3.519836499,4.383547089,6.386135598,4.759249798,4.656291938
GNLY,6.144327364,8.860133428,7.386135598,6.661069404,8.822395229
GPI,12.99556993,11.1888667,11.07962256,10.62896539,11.8123148
GTF3C1,9.984722548,10.16075914,9.877988694,10.01514802,9.681827031
GZMA,7.154042519,8.275170928,9.430529717,7.640605301,8.521362358
GZMB,6.394305617,8.290437684,9.940724449,6.640605301,9.651991801
GZMH,5.104799,5.86354003,6.556060599,6.03488424,7.121955511
GZMK,6.426727095,7.066356913,6.971098098,8.073564708,6.194711853
GZMM,3.841764594,4.942974497,7.19349052,5.41821288,4.723406134
HAMP,4.792854994,5.223082417,6.708063692,4.903639707,3.585902611
HAVCR2,7.934873999,8.300526502,7.971098098,7.318677206,8.759829543
HCK,9.296817772,9.305544577,11.02999179,8.903639707,10.08255669
HLA-A,12.71869076,14.42901937,14.81606534,12.83437704,14.34404253
HLA-B,12.32019717,14.48227181,15.09565026,12.66835336,14.31883317
HLA-C,12.22863301,13.83779226,13.6328762,12.76398772,13.10002487
HLA-DMA,9.593085481,10.07666718,10.54600693,9.972801732,10.03876158
HLA-DMB,9.369502226,9.655255828,10.1410231,9.45383679,9.925752613
HLA-DOB,7.600209916,7.99360057,8.473598439,9.129707786,7.241254439
HLA-DPA1,11.66066627,11.9854156,12.53842044,11.99160761,12.07253655
HLA-DPB1,11.63618046,11.62446392,12.30797653,12.1177275,11.9513502
HLA-DQA1,11.37574317,11.469334,11.97485023,4.211762002,13.58576172
HLA-DQB1,8.270264353,10.21776862,9.7259856,5.03488424,9.688140804
HLA-DRA,12.82988118,13.1885272,13.9339941,12.90444456,13.800586
HLA-E,11.71705319,13.12678708,14.78701503,12.31666311,12.69311969
HLA-G,9.404515816,11.31615038,11.62930958,10.32990446,11.76928987
HMGB1,11.6239984,11.67429353,10.90969755,11.48501965,11.52900346
HRAS,8.000963189,8.443958605,8.971098098,7.877644498,6.893331136
HSD11B1,5.426727095,7.005984295,7.556060599,5.266209786,8.258327952
ICAM1,8.97653315,10.23233473,11.47889274,10.29104164,11.44326162
ICAM2,6.593085481,7.930035442,7.293026193,8.126032128,8.438900198
ICAM3,6.853737236,8.643414215,10.04434708,8.855618192,7.779674354
ICAM4,4.742228921,5.659181531,7.971098098,6.369303279,5.308368635
ICOS,5.426727095,6.45754767,7.086575316,5.868874289,5.69023927
ICOSLG,7.377817494,7.910406635,7.473598439,8.577411475,8.478293636
IDO1,5.792854994,7.45754767,10.29302619,6.465518595,12.17910696
IFI16,11.52546105,12.13561958,11.29902493,11.07165512,10.94257465
IFI27,11.92568708,13.37536726,13.13264992,9.935488573,13.20685551
IFI35,7.946101254,9.057460512,9.268778647,7.82420524,9.594891394
IFIH1,8.02233684,8.933281101,9.386135598,8.246031904,10.52371778
IFIT1,8.02763114,9.684441484,7.971098098,7.619846741,11.09607336
IFIT2,7.621374526,8.112899499,8.671537816,6.211762002,10.93993155
IFITM1,10.80985535,12.11397253,12.08310312,11.73953973,14.06921457
IFITM2,11.09158914,12.0440122,13.08657532,11.64124922,11.03793788
IFNA1,3.841764594,3.942974497,4.386135598,4.211762002,3.071329438
IFNA17,3.742228921,3.595051194,6.19349052,4.211762002,3.585902611
IFNA2,4.256802093,3.305544577,6.19349052,3.970753903,3.263974516
IFNA7,3.934873999,3.720582076,7.473598439,4.903639707,4.585902611
IFNA8,2.934873999,3.595051194,5.386135598,3.681247286,3.585902611
IFNAR1,6.889070309,8.141244124,8.293026193,7.544745286,7.656291938
IFNAR2,9.011689596,10.49646666,9.293026193,10.03292272,10.32331898
IFNB1,2.934873999,4.720582076,6.19349052,4.096284785,4.723406134
IFNG,4.104799,4.595051194,8.029991787,5.318677206,6.218170826
IFNGR1,10.69642523,12.01290371,11.12084522,11.08591581,11.14508848
IFNL1,5.426727095,5.836059293,9.614954288,5.937587039,5.99189497
IFNL2,4.02233684,4.223082417,7.386135598,4.833250379,4.511902029
IGF1R,11.40705711,12.27229034,10.1410231,10.65852721,10.10160245
IGF2R,10.37781749,10.44054124,9.494660054,9.519750906,9.828124006
IGLL1,3.519836499,3.45754767,7.77845302,4.759249798,4.071329438
IKBKB,9.325042955,9.072257514,9.363415521,9.302485173,9.241254439
IKBKE,8.726036887,9.015202825,9.1410231,8.232421473,9.601596418
IKBKG,9.312084529,9.228376716,8.595588963,8.89933957,9.483143036
IL10,5.02233684,6.545010511,7.556060599,6.003175381,5.723406134
IL10RA,8.462351005,9.267476536,8.77845302,9.47421829,9.316542566
IL11,7.163692689,8.066356913,6.19349052,5.318677206,5.964414234
IL11RA,6.48946285,7.510659007,7.556060599,7.768710127,6.936399858
IL12A,4.841764594,5.595051194,7.556060599,5.903639707,5.848937016
IL12B,4.256802093,4.223082417,7.086575316,5.03488424,4.071329438
IL12RB1,5.578730188,6.383547089,8.1410231,6.661069404,6.351437357
IL12RB2,5.549583843,8.036486383,9.167495311,5.937587039,5.69023927
IL13,3.742228921,4.527936998,8.244116593,5.318677206,4.656291938
IL13RA1,10.39635345,11.62345961,11.47359844,11.26871229,10.80990428
IL13RA2,4.256802093,5.527936998,5.386135598,5.369303279,4.071329438
IL15,6.238654747,7.135619575,8.086575316,6.393965334,7.473427881
IL15RA,8.038161807,9.045512659,8.743687602,8.118652598,9.759829543
IL16,8.270264353,9.155210304,8.086575316,9.272873517,7.771769156
IL17A,3.256802093,2.720582076,7.386135598,5.211762002,3.263974516
IL17B,3.394305617,3.942974497,4.386135598,3.833250379,3.964414234
IL17F,4.256802093,3.45754767,6.845567216,4.318677206,5.121955511
IL17RA,8.344264935,8.836059293,9.363415521,8.239242739,8.590404003
IL17RB,4.635313717,4.45754767,7.086575316,5.833250379,9.654143472
IL18,8.094745335,9.446232357,7.971098098,8.155178474,8.103178304
IL18R1,6.104799,7.651319414,7.19349052,8.204809242,6.453799075
IL18RAP,4.742228921,7.364438266,8.473598439,6.003175381,6.146617565
IL19,4.394305617,5.45754767,13.09694203,6.003175381,4.170865111
IL1A,5.889070309,9.251963537,11.25032174,8.666140393,4.907830705
IL1B,5.716233712,9.264902592,13.7259856,10.80938485,8.673365452
IL1R1,9.591298862,10.65820111,8.743687602,10.25447368,9.232641309
IL1R2,5.767764013,8.659181531,11.28095336,7.851172287,8.134339235
IL1RAP,9.354834176,11.29296651,9.893930238,9.828734898,8.918610544
IL1RAPL2,4.02233684,4.779475765,7.293026193,5.598785125,6.308368635
IL1RL1,6.02233684,7.223082417,7.77845302,8.381687004,5.433899517
IL1RL2,6.504729607,5.345072941,7.556060599,6.903639707,4.263974516
IL1RN,7.527331036,9.042510171,14.39806166,11.44279852,7.319256951
IL2,2.519836499,4.223082417,5.708063692,4.096284785,3.433899517
IL21,3.256802093,4.223082417,7.634063111,4.318677206,4.723406134
IL21R,5.519836499,6.439400323,6.845567216,5.681247286,6.639013947
IL22,3.519836499,3.135619575,8.595588963,5.369303279,3.848937016
IL22RA1,5.817517048,6.643414215,9.114056052,5.555716404,5.393257533
IL22RA2,3.256802093,4.527936998,6.845567216,4.833250379,3.433899517
IL23A,5.934873999,5.808044917,12.54348253,6.598785125,8.018862018
IL23R,3.519836499,4.779475765,6.845567216,4.681247286,4.263974516
IL24,4.02233684,7.968509589,7.386135598,4.759249798,3.848937016
IL25,3.742228921,4.223082417,4.971098098,4.759249798,4.511902029
IL26,3.394305617,4.042510171,8.743687602,4.41821288,4.787536472
IL27,2.742228921,3.942974497,6.19349052,3.096284785,4.511902029
IL2RA,8.094745335,8.958986815,8.244116593,6.533690097,7.170865111
IL2RB,6.805238718,8.083986807,8.430529717,7.465518595,7.594891394
IL2RG,7.871511938,8.705475184,9.925294409,9.06206907,10.49998871
IL3,3.394305617,3.720582076,7.556060599,3.511322284,4.263974516
IL32,14.40107795,14.31179272,15.62065368,14.81188935,14.88075307
IL34,5.327191421,6.421021794,6.971098098,7.860050438,7.182837753
IL3RA,5.220276217,6.9038039,7.386135598,6.868874289,6.706918011
IL4,4.104799,3.836059293,6.556060599,2.511322284,4.170865111
IL4R,9.040782507,10.7902556,11.1410231,9.789771742,9.765811701
IL5,2.256802093,3.836059293,4.971098098,4.318677206,3.071329438
IL5RA,5.256802093,5.527936998,7.19349052,6.211762002,5.656291938
IL6,6.946101254,9.066356913,6.845567216,10.18551455,7.521362358
IL6R,7.735773899,8.786671266,8.386135598,9.027022123,7.810868976
IL6ST,10.65169346,11.91861778,11.60530412,12.43241937,11.42699516
IL7,4.792854994,5.421021794,6.556060599,5.03488424,6.69023927
IL7R,8.545898796,9.775864512,9.515418614,9.442059622,8.576857471
IL9,3.256802093,2.135619575,5.708063692,4.41821288,4.433899517
ILF3,12.28360215,11.88423175,11.09349473,11.77576488,11.56946631
INPP5D,8.527331036,8.955798538,9.515418614,9.866673381,8.896969713
IRAK1,10.3767807,10.31801393,10.30499883,9.871071845,11.63138927
IRAK2,6.043398455,7.55347209,10.68075635,8.539228281,8.413721635
IRAK4,8.168493675,8.582702802,8.086575316,7.95426578,7.739707947
IRF1,7.458435955,8.981109626,11.64352344,9.403105987,10.10475244
IRF2,8.926395845,9.244144032,9.575960156,8.877644498,9.149670889
IRF3,8.327191421,7.883812425,8.556060599,7.588137881,8.158792279
IRF4,5.934873999,7.800955492,9.000845442,8.488602208,6.755827612
IRF5,7.519836499,7.054482813,7.77845302,6.95426578,7.715185627
IRF7,8.206337026,9.267476536,10.21902561,8.344212298,9.99189497
IRF8,8.206337026,8.290437684,8.877988694,8.828734898,9.167856361
IRGM,3.934873999,4.223082417,5.386135598,4.903639707,4.170865111
ISG15,9.276948667,10.61539984,10.5560606,7.740140975,11.92263231
ISG20,7.38608511,8.667001036,11.02999179,9.103779321,9.025525748
ITCH,10.81904452,11.02512354,10.20631456,10.57336842,10.90512311
ITGA1,10.23179021,10.8686349,8.086575316,9.655980527,9.542423974
ITGA2,9.881780273,10.82474398,10.77845302,9.792093054,8.372498972
ITGA2B,6.792854994,6.86354003,7.971098098,6.815103032,7.443883606
ITGA4,7.58592569,7.987368617,7.473598439,8.350526072,7.723406134
ITGA5,10.56514112,11.79917768,7.386135598,10.68249908,11.08095814
ITGA6,11.21564477,12.885489,9.940724449,10.86005044,7.841403344
ITGAE,8.30991343,8.369239252,8.634063111,7.710994629,7.87868436
ITGAL,6.549583843,7.635465462,9.515418614,8.488602208,8.362006599
ITGAM,7.957241812,8.095621507,6.845567216,7.82420524,9.683934693
ITGAX,9.553259501,10.08252585,11.21268408,10.30898381,11.11494267
ITGB1,13.28152623,14.03005843,11.61495429,12.87655113,13.18897254
ITGB2,9.279169906,9.599143949,9.614954288,9.890700651,10.47342788
ITGB3,7.512302827,8.325444134,7.473598439,9.114948629,8.12816066
ITGB4,11.80176653,12.88779112,11.79127706,11.61198462,11.31450342
ITK,5.957241812,7.586830687,7.556060599,8.03488424,6.549376734
JAK1,9.835740807,11.19563993,10.3286501,10.48573687,10.20061245
JAK2,9.000963189,9.808044917,10.19349052,9.835502831,11.1473815
JAK3,7.084621118,8.50194179,8.340331908,8.488602208,9.677602445
JAM3,8.534786841,9.578563071,6.708063692,9.851172287,8.549376734
KIR3DL1,4.792854994,4.383547089,6.845567216,4.318677206,4.656291938
KIR3DL2,3.519836499,3.942974497,5.386135598,3.511322284,3.848937016
KIR3DL3,3.256802093,2.720582076,7.19349052,4.096284785,3.585902611
KIT,6.662794453,6.836059293,7.909697554,7.577411475,4.787536472
KLRB1,4.792854994,6.822120102,8.029991787,7.019116924,4.723406134
KLRC1,5.549583843,6.595051194,8.19349052,6.239242739,6.071329438
KLRC2,4.578730188,6.305544577,7.293026193,6.096284785,5.755827612
KLRD1,5.327191421,6.201708766,7.909697554,5.318677206,7.62152652
KLRF1,4.104799,4.45754767,6.19349052,5.318677206,4.723406134
KLRG1,4.327191421,4.836059293,5.386135598,6.126032128,3.433899517
KLRK1,5.02233684,6.49317158,7.708063692,7.305738151,6.330063706
LAG3,5.327191421,6.659181531,7.556060599,6.465518595,9.558595265
LAIR2,7.144327364,7.603225125,7.293026193,6.868874289,7.286342329
LAMP1,12.10040914,12.65623826,11.84965997,11.79093287,12.16144186
LAMP2,10.8425158,11.15103463,11.34033191,10.97382456,11.48072037
LAMP3,7.377817494,8.196315507,9.029991787,6.619846741,7.69023927
LBP,4.458435955,6.180013695,4.386135598,5.211762002,3.263974516
LCK,5.716233712,7.33529192,9.05856094,7.292681998,6.964414234
LCN2,9.922138011,11.77496028,14.66400414,13.9829975,6.308368635
LCP1,9.991511714,10.98110963,11.62454034,10.63673575,11.17761194
LGALS3,11.41919342,12.11325727,11.22533939,12.46769844,12.45101723
LIF,7.683066848,8.709266763,6.19349052,8.073564708,8.398400836
LILRA1,4.635313717,4.305544577,7.086575316,5.465518595,4.723406134
LILRA4,3.635313717,3.305544577,6.845567216,4.41821288,3.723406134
LILRA5,5.689761501,7.383547089,9.1410231,6.619846741,7.134339235
LILRB1,7.163692689,6.305544577,7.556060599,7.225567802,8.433899517
LILRB2,7.426727095,8.570247803,9.671537816,8.050481095,8.751814549
LILRB3,6.755052961,7.728076613,9.000845442,7.003175381,7.393257533
LRP1,11.79983391,12.38621408,9.114056052,11.83437704,11.98379112
LRRN3,6.504729607,7.305544577,8.386135598,7.851172287,7.071329438
LTA,4.635313717,5.383547089,6.971098098,5.369303279,6.194711853
LTB,6.426727095,7.674778386,9.634063111,8.286109344,11.53951707
LTBR,11.19226184,11.21109872,11.00818742,10.58010056,12.36003075
LTF,4.635313717,13.69332259,12.12084522,14.36424187,5.121955511
LTK,6.755052961,4.836059293,7.473598439,6.096284785,5.018862018
LY86,7.084621118,7.169042577,7.293026193,7.609354367,7.084153478
LY9,5.104799,6.510659007,7.19349052,7.796724503,5.585902611
LY96,8.02233684,8.56188433,8.671537816,8.344212298,8.563182534
LYN,7.504729607,8.129973012,9.845567216,8.218681416,8.372498972
MAF,9.392254878,10.60220591,8.77845302,8.442059622,8.998684136
MAGEA1,8.011689596,3.135619575,5.708063692,3.096284785,3.964414234
MAGEA12,6.689761501,4.305544577,6.556060599,4.211762002,3.848937016
MAGEA3,10.77879505,6.223082417,6.971098098,4.211762002,4.433899517
MAGEA4,7.504729607,3.836059293,6.556060599,4.318677206,7.071329438
MAGEB2,8.418689776,5.627472672,6.386135598,4.318677206,8.346123557
MAGEC1,3.394305617,3.45754767,7.473598439,4.41821288,3.433899517
MAGEC2,5.889070309,4.383547089,7.293026193,4.970753903,5.308368635
MAP2K1,9.635313717,10.38828501,10.35191988,9.505675721,9.996989837
MAP2K2,11.19755614,11.25066323,11.53588272,10.7616207,10.82143822
MAP2K4,8.645680432,8.615399839,8.515418614,8.190802384,7.848937016
MAP3K1,9.201660539,10.13561958,10.00084544,9.550241274,9.939931549
MAP3K5,9.837249113,10.80184358,10.21902561,10.1497582,8.99189497
MAP3K7,9.947498537,10.12714142,9.316872935,9.948033826,10.08095814
MAP4K2,9.117268352,8.290437684,8.244116593,7.749727024,8.362006599
MAPK1,10.27805971,10.49536914,9.812400352,10.18727932,9.986782047
MAPK11,6.900658283,6.56188433,6.845567216,6.796724503,5.848937016
MAPK14,10.49138005,10.67477839,10.56604469,10.32028646,10.82717079
MAPK3,9.584130176,9.96534231,11.4195586,9.871071845,9.448849859
MAPK8,8.296817772,9.236281914,8.743687602,8.810530303,8.751814549
MAPKAPK2,10.11850938,10.62947502,9.98604844,10.28610934,10.03876158
MARCO,7.458435955,7.627472672,8.1410231,6.442059622,8.433899517
MASP1,4.02233684,5.264902592,7.386135598,5.796724503,4.433899517
MASP2,3.934873999,4.042510171,7.086575316,3.970753903,4.071329438
MAVS,10.19579353,10.33037643,9.293026193,9.403105987,9.45873137
MBL2,3.635313717,3.135619575,6.386135598,2.833250379,3.723406134
MCAM,9.307739059,9.703575651,7.708063692,10.21522586,8.603824519
MEF2C,8.767764013,10.44850253,7.473598439,11.10471341,8.269599065
MEFV,4.394305617,6.180013695,8.708063692,5.640605301,5.473427881
MERTK,9.527331036,9.495369136,7.19349052,8.619846741,7.998684136
MFGE8,11.59798731,12.28027782,9.556060599,12.15878071,11.3580522
MICA,7.811390945,8.244144032,7.909697554,7.344212298,7.985073704
MICB,7.301196213,7.779475765,7.971098098,6.598785125,9.106324859
MIF,13.00331641,13.0812463,11.40294389,11.12787113,12.18097356
MME,6.946101254,8.590946796,8.244116593,6.065911136,8.929310433
MNX1,2.742228921,3.135619575,5.386135598,3.511322284,5.787536472
MPPED1,5.256802093,5.042510171,6.845567216,4.598785125,4.964414234
MR1,6.912153922,6.942974497,7.909697554,6.72077565,6.09686453
MRC1,9.519836499,10.28917161,7.708063692,8.92071322,8.759829543
MS4A1,3.104799,6.285366695,5.386135598,8.614610093,4.170865111
MS4A2,5.957241812,6.764976195,7.473598439,7.45383679,5.218170826
MSR1,10.11353885,9.724334211,7.293026193,9.439100246,11.05350816
MST1R,6.394305617,7.33529192,8.473598439,7.318677206,9.45873137
MUC1,9.388144633,10.45076914,11.57596016,9.835502831,10.47586281
MX1,11.13209069,12.29958367,12.84351648,10.79441064,13.41879262
MYD88,9.640506386,10.1676653,11.43052972,9.851172287,10.05024414
NCAM1,5.182801512,8.354788096,8.086575316,8.465518595,5.071329438
NCF4,7.527331036,7.949400767,9.316872935,8.572018216,7.698602743
NCR1,4.327191421,5.49317158,8.086575316,5.03488424,4.723406134
NEFL,8.220276217,7.364438266,6.971098098,5.833250379,4.170865111
NFATC1,8.119749341,8.190902011,7.473598439,9.740140975,7.69023927
NFATC2,8.575118935,9.809811843,8.293026193,11.81795365,8.848937016
NFATC3,9.28581318,9.225731995,9.1410231,9.088751112,8.985073704
NFATC4,8.516074581,9.262324048,7.845567216,9.183747626,9.143557765
NFKB1,7.38608511,8.746644373,8.556060599,8.701146843,8.553993363
NFKB2,8.940498548,9.643414215,10.19349052,10.51132228,10.94784638
NFKBIA,12.21303303,12.56109776,14.05856094,13.54422896,12.57997314
NLRC5,8.477905819,9.599143949,10.28095336,8.232421473,9.421321451
NLRP3,7.173278738,7.742949889,7.845567216,8.782785312,6.803133327
NOD1,7.900658283,8.407082603,7.971098098,8.190802384,8.46854566
NOD2,7.466255459,8.720582076,9.829079093,7.619846741,8.356731657
NOTCH1,9.107301507,8.764976195,9.743687602,9.713446108,8.830028554
NRP1,10.8751876,11.61741901,8.812400352,11.59480161,11.05269285
NT5E,8.053815071,9.448502531,8.430529717,8.56660472,8.957461473
NUP107,9.831206402,9.570247803,9.614954288,9.701146843,11.11416135
OAS3,9.084621118,10.32297165,11.75245781,8.42421162,11.922186
OSM,5.327191421,5.99360057,10.29302619,8.614610093,5.218170826
PASD1,2.934873999,3.45754767,7.086575316,4.096284785,8.223976448
PAX5,4.792854994,6.578563071,7.386135598,6.266209786,3.585902611
PBK,7.144327364,6.325444134,7.845567216,5.796724503,6.433899517
PDCD1,4.256802093,5.383547089,5.971098098,4.759249798,5.848937016
PDCD1LG2,6.607299341,7.48434773,7.086575316,6.096284785,8.660579297
PDGFC,9.497116423,10.34629092,7.473598439,9.318677206,9.594891394
PDGFRB,10.40451582,11.87286692,7.77845302,11.00517773,11.53893499
PECAM1,10.73658236,11.73553242,9.671537816,12.07642436,10.12040004
PIK3CD,8.256802093,8.595051194,8.845567216,8.52254954,7.998684136
PIK3CG,6.805238718,7.651319414,7.845567216,8.042703745,6.803133327
PIN1,9.312084529,9.217768617,8.77845302,8.505675721,8.388095827
PLA2G1B,3.394305617,4.135619575,7.909697554,4.681247286,4.723406134
PLA2G6,8.850753377,8.10140386,8.293026193,8.661069404,8.526069361
PLAU,11.72400005,11.86990581,10.70806369,10.45968952,11.54532503
PLAUR,9.288020824,9.623459609,12.41680273,9.747336476,10.55859526
PMCH,3.519836499,4.527936998,5.971098098,4.211762002,5.723406134
PNMA1,8.607299341,8.466536453,7.086575316,8.183747626,8.656291938
POU2AF1,6.02233684,6.764976195,6.386135598,7.050481095,3.964414234
POU2F2,6.504729607,7.49317158,7.845567216,7.661069404,6.818563367
PPARG,7.292426003,5.264902592,7.293026193,6.41821288,5.018862018
PPBP,5.716233712,6.042510171,8.77845302,7.691231374,5.308368635
PRAME,8.78662304,7.354788096,8.430529717,6.619846741,9.771769156
PRF1,6.426727095,8.310545258,8.340331908,7.533690097,8.263974516
PRG2,5.144327364,6.345072941,7.386135598,7.140678904,6.241254439
PRKCD,9.811390945,9.322971648,10.49466005,9.976888689,10.06649088
PRKCE,7.301196213,6.981109626,6.556060599,7.197822811,6.218170826
PRM1,3.934873999,4.527936998,7.77845302,5.211762002,4.585902611
PSEN1,9.912153922,10.17453856,10.47359844,9.759249798,10.21962442
PSEN2,8.516074581,8.786671266,8.556060599,8.730490805,8.900599136
PSMB10,8.02233684,9.882133896,10.11405605,8.873266058,9.603824519
PSMB7,11.48513981,12.18818763,11.67153782,11.31545331,11.34212532
PSMB8,10.08335058,11.80583321,11.61975527,10.63026336,11.16936152
PSMB9,8.327191421,11.06635691,11.29902493,9.197822811,11.15043321
PSMD7,11.91000546,11.96890501,10.45222479,10.89933957,11.1880447
PTGDR2,3.742228921,4.305544577,5.971098098,4.318677206,3.964414234
PTGS2,6.755052961,8.566072127,11.03718729,9.528130572,7.46364686
PTPRC,8.992865721,9.995154362,11.83321882,10.10564689,10.64551747
PVR,9.566051054,9.47100993,9.386135598,8.95840551,9.896969713
PYCARD,8.038161807,8.212435172,8.812400352,7.488602208,7.018862018
RAG1,7.871511938,6.180013695,6.556060599,5.155178474,6.511902029
REL,9.740617871,10.16214302,9.877988694,9.735323958,8.673365452
RELA,8.224892846,9.024362824,8.708063692,8.325103475,8.377716682
RELB,8.47403281,8.818614159,8.845567216,8.325103475,9.936399858
REPS1,10.64223313,9.868634897,9.515418614,9.860050438,9.351437357
RIPK2,8.751857622,8.674778386,8.515418614,8.41821288,9.986782047
ROPN1,4.256802093,5.135619575,6.845567216,5.155178474,4.964414234
RORA,9.173278738,8.990487959,9.363415521,9.740140975,8.943454615
RORC,3.934873999,5.720582076,7.473598439,7.065911136,5.433899517
RPS6,14.68542398,14.663402,14.62155153,15.22352683,13.86760086
RRAD,4.889070309,9.054482813,8.244116593,8.190802384,6.69023927
RUNX1,10.39635345,11.08690429,8.634063111,10.19957259,10.76182635
RUNX3,8.41060743,8.764976195,8.77845302,8.676229211,8.787536472
S100A12,6.703058323,8.99360057,11.59070674,7.292681998,3.848937016
S100A7,10.76142249,15.20817092,18.2313806,8.363071326,3.723406134
S100A8,11.75863928,14.71840841,18.23142962,16.24269435,8.852689151
S100B,6.889070309,8.005984295,8.634063111,9.974846657,4.907830705
SAA1,7.134546343,12.93793398,11.94072445,13.5898067,8.377716682
SBNO2,9.392254878,11.05894706,11.77415288,10.32830591,10.78065946
SELE,5.841764594,6.877086562,7.386135598,8.970753903,3.964414234
SELL,5.865611336,8.095621507,10.75245781,8.400065533,5.787536472
SELPLG,7.564230619,7.883812425,8.671537816,7.169533767,8.121955511
SEMG1,4.02233684,3.720582076,7.086575316,4.211762002,4.071329438
SERPINB2,6.327191421,9.525788531,12.65759863,11.39167109,5.473427881
SERPING1,11.16969143,12.60805658,11.79976353,12.31787191,13.30014813
SH2B2,5.064157016,6.201708766,8.708063692,6.533690097,6.372498972
SH2D1A,4.889070309,5.180013695,6.19349052,6.003175381,5.351437357
SH2D1B,3.934873999,4.527936998,6.556060599,3.970753903,4.351437357
SIGIRR,7.99556993,7.735532417,8.845567216,8.539228281,9.118842899
SIGLEC1,8.829691762,9.233651658,7.909697554,7.796724503,10.06487442
SLAMF1,8.000963189,8.686366361,8.812400352,8.511322284,8.608270424
SLAMF6,4.635313717,5.345072941,6.386135598,5.903639707,4.907830705
SLAMF7,5.792854994,6.981109626,7.708063692,7.609354367,7.723406134
SLC11A1,9.587718972,10.43253578,10.21902561,8.363071326,10.80700634
SMAD2,10.25680209,9.988929131,9.556060599,10.12419078,10.06971839
SMAD3,11.24718975,10.83952315,9.708063692,10.16416726,10.33006371
SMPD3,6.292426003,6.808044917,8.293026193,7.381687004,6.603824519
SOCS1,8.178047982,8.249361741,9.556060599,8.155178474,8.995293547
SPA17,7.929227435,8.811576608,7.77845302,7.945950512,8.46364686
SPACA3,3.519836499,4.042510171,6.386135598,3.511322284,4.787536472
SPANXB1,3.742228921,4.720582076,6.386135598,4.681247286,3.848937016
SPINK5,8.406549213,9.421021794,12.69901855,12.66866922,6.771769156
SPN,5.48946285,6.383547089,7.386135598,6.369303279,6.413721635
SPO11,4.104799,4.042510171,6.19349052,3.096284785,3.848937016
SPP1,14.22143176,13.46597629,8.1410231,11.92018272,15.37482481
SSX1,2.519836499,3.135619575,5.708063692,4.511322284,3.964414234
SSX4,0.934873999,3.720582076,6.845567216,4.598785125,3.263974516
ST6GAL1,8.288020824,9.841251963,8.1410231,10.73652972,9.398400836
STAT1,9.817517048,11.11361494,12.25341434,9.632855802,12.36824564
STAT2,11.43869974,12.11754356,11.16749531,11.1333741,12.82000151
STAT3,12.00667152,12.85864051,14.2937774,12.73863738,12.39872168
STAT4,6.327191421,7.345072941,8.1410231,7.796724503,7.146617565
STAT5B,9.234082017,9.527936998,9.167495311,9.590807068,8.837621703
STAT6,12.00834615,11.88674516,11.83321882,12.07404171,11.99868414
SYCP1,4.327191421,3.720582076,7.086575316,4.833250379,5.018862018
SYK,9.939094465,9.277726633,8.940724449,9.042703745,9.408632758
SYT17,6.361138753,5.595051194,6.971098098,4.511322284,5.69023927
TAB1,9.158875673,9.005984295,8.029991787,8.873266058,9.042051645
TAL1,5.104799,5.890507077,7.293026193,6.239242739,4.787536472
TANK,10.60287253,10.64836004,10.64352344,10.96870316,11.1753665
TAP1,8.699745589,10.93084754,12.05147151,9.433163221,10.99359526
TAP2,8.868564654,10.66700104,11.58089245,9.155178474,10.56775526
TAPBP,10.61874587,11.41464971,12.34323764,11.15788099,12.14699958
TBK1,9.475970614,9.462049062,8.845567216,9.058216744,9.934630765
TBX21,4.689761501,5.56188433,7.845567216,5.41821288,6.09686453
TCF7,6.104799,7.627472672,6.971098098,7.796724503,5.656291938
TFE3,5.689761501,5.916979289,6.971098098,5.970753903,5.018862018
TFEB,6.676340985,7.955798538,7.473598439,7.111235126,6.603824519
TFRC,11.98608294,10.91205261,10.9710981,10.3954928,10.57231355
TGFB1,10.93134749,11.43196226,11.97485023,9.972801732,10.71930174
TGFB2,7.265790877,8.402406116,7.293026193,8.842239162,9.72954092
THBD,11.3352198,12.09815414,10.62454034,11.25447368,8.152717765
THBS1,12.76736848,13.29785353,8.812400352,13.64253619,12.90512311
THY1,10.83196313,11.27517093,8.244116593,9.842239162,10.80990428
TICAM1,9.107301507,8.870329196,10.84556722,8.482865838,8.152717765
TICAM2,7.369502226,8.185468125,7.386135598,7.169533767,8.335436878
TIGIT,5.865611336,6.942974497,7.845567216,6.577411475,6.194711853
TIRAP,8.038161807,8.430240324,8.430529717,8.042703745,7.795355976
TLR1,8.621374526,9.215104359,9.340331908,8.868874289,10.56432708
TLR10,4.394305617,5.916979289,8.1410231,7.292681998,4.964414234
TLR2,9.146762293,10.25066323,10.68991635,9.691231374,10.40480429
TLR3,6.104799,7.354788096,8.708063692,7.279506609,7.871304829
TLR4,9.575118935,9.473241477,9.219025612,9.046597661,8.957461473
TLR5,7.084621118,6.877086562,7.473598439,7.740140975,6.848937016
TLR6,8.114783089,7.829106533,6.386135598,6.661069404,7.698602743
TLR7,5.865611336,5.305544577,7.293026193,6.266209786,5.62152652
TLR8,5.426727095,6.720582076,8.473598439,6.126032128,7.473427881
TLR9,4.394305617,4.527936998,6.845567216,5.465518595,5.170865111
TMEFF2,3.394305617,3.45754767,6.708063692,4.759249798,4.170865111
TNF,5.256802093,6.305544577,8.595588963,7.511322284,8.99189497
TNFAIP3,9.775651922,10.89467551,11.09349473,11.83775177,10.70898936
TNFRSF10B,8.534786841,8.958986815,8.812400352,9.073564708,8.715185627
TNFRSF10C,6.000963189,8.300526502,10.61495429,8.494315859,5.723406134
TNFRSF11A,5.841764594,6.264902592,7.086575316,7.500006971,6.706918011
TNFRSF11B,6.729289865,7.190902011,5.971098098,5.681247286,8.084153478
TNFRSF12A,7.549583843,8.977969919,7.293026193,7.787446689,7.492793206
TNFRSF13B,4.104799,4.305544577,6.19349052,6.155178474,3.433899517
TNFRSF13C,6.923558685,6.066356913,7.086575316,8.246031904,5.723406134
TNFRSF14,9.011689596,9.290437684,9.7259856,9.922833272,10.37380517
TNFRSF17,5.817517048,7.078134081,7.086575316,8.246031904,3.848937016
TNFRSF18,8.669583619,7.411743981,8.556060599,7.03488424,6.567755264
TNFRSF1A,10.77879505,11.47936049,11.98232535,10.9707539,11.32467045
TNFRSF1B,7.811390945,9.322971648,10.11405605,8.730490805,8.950475043
TNFRSF4,5.934873999,6.223082417,6.708063692,5.41821288,6.673365452
TNFRSF8,5.02233684,5.690208427,7.845567216,5.318677206,5.433899517
TNFRSF9,5.220276217,6.157987388,7.293026193,6.318677206,7.286342329
TNFSF10,10.99286572,12.96989309,11.94837802,10.51975091,11.81808367
TNFSF11,4.256802093,6.285366695,7.293026193,4.903639707,7.521362358
TNFSF12,9.048616165,9.254560648,7.845567216,9.350526072,9.090523003
TNFSF13,6.676340985,7.066356913,7.556060599,6.92071322,6.639013947
TNFSF13B,7.792854994,8.590946796,8.556060599,8.081177893,10.51308797
TNFSF14,5.02233684,7.33529192,7.77845302,7.691231374,5.818563367
TNFSF15,6.064157016,5.690208427,7.708063692,8.369303279,8.018862018
TNFSF18,4.979268118,4.305544577,9.363415521,5.465518595,4.351437357
TNFSF4,8.422714032,7.690208427,7.77845302,6.533690097,7.502379255
TNFSF8,5.458435955,5.968509589,5.708063692,6.155178474,5.723406134
TOLLIP,9.596652096,10.17864686,10.15431992,10.12970779,9.413721635
TP53,8.381957225,10.57648874,10.00084544,9.997151593,10.54009892
TPSAB1,10.77013492,11.79516957,7.708063692,12.14658694,8.63029673
TPTE,6.163692689,4.942974497,8.19349052,5.155178474,4.723406134
TRAF2,9.035536338,8.839523149,9.293026193,8.696197627,10.6400999
TRAF3,9.210998404,9.400062176,9.167495311,8.801341131,9.739707947
TRAF6,9.032906082,8.627472672,7.708063692,8.511322284,8.170865111
TREM1,8.104799,10.18954546,11.28095336,8.369303279,8.981650939
TREM2,6.968297,7.374024315,6.19349052,6.442059622,7.018862018
TTK,7.173278738,7.635465462,8.19349052,6.155178474,9.362006599
TXK,4.182801512,5.264902592,6.845567216,5.796724503,5.218170826
TXNIP,12.07154476,13.96544139,11.90969755,12.85866682,11.65682856
TYK2,9.442668639,9.325444134,9.316872935,9.378601024,9.759829543
UBC,16.21569913,16.61415222,16.98569981,16.45934724,15.72724343
ULBP2,6.689761501,8.078134081,8.386135598,6.211762002,5.549376734
USP9Y,5.48946285,6.475469578,5.971098098,7.465518595,8.134339235
VCAM1,7.889070309,9.381172282,5.708063692,9.133374104,11.03876158
VEGFA,10.79751136,10.64341422,11.67615444,10.58813788,12.96354697
VEGFC,7.962779995,9.576488743,6.971098098,7.805943033,9.249816453
XCL2,7.442668639,6.643414215,7.293026193,5.937587039,7.502379255
XCR1,4.841764594,5.779475765,7.634063111,5.72077565,4.071329438
YTHDF2,9.923558685,10.3752181,10.08657532,10.20655058,9.925752613
ZAP70,6.201660539,7.439400323,8.386135598,7.72077565,7.297397517
ZNF205,6.534786841,7.018262625,7.19349052,5.868874289,6.848937016
